uniqueId,createTimeISO,text,cleaned_text
qynxml,2025-01-01T05:06:25.000Z,bahas PPN mulu bangğŸ˜‚,bahas ppn mulu bang
wanx2510,2025-01-01T08:06:52.000Z,kocak lihat dulu PPN apa aja yg naik kocak,kocak lihat dulu ppn apa aja naik kocak
_pinooorgil_,2025-01-01T08:34:58.000Z,ppn 12% gk jadi. coba liat vt gerindra,ppn 12 jadi coba liat vt gerindra
rotimanis80,2025-01-01T11:20:11.000Z,"Permasalahannya dari dulu soal tapera segala macem kan di kepercayaan masyarakat ke pemerintah, asalkan transparan dan dananya jelas kemana, ppn 15% pun orang mau kalo jelas duitnya kemana",masalah dulu soal tapera segala macem kan percaya masyarakat perintah asal transparan dana jelas ppn 15 orang mau kalau jelas duit
galangrajaiblis,2025-01-01T14:14:35.000Z,gw beli pulsa 120k yang masuk cmn 118k itu kena ppn atau gmn ya? gada notif berlangganan atau kesedot tuh,beli pulsa 120k masuk cmn 118k kena ppn bagaimana gada notif langgan sedot tuh
jarothibread,2025-01-01T08:29:38.000Z,ppn naik = gaji harus naik,ppn naik gaji naik
loyalwith1women,2025-01-01T11:52:43.000Z,bang katanya itu cuma buat barang mewah untuk yang lainya tidak di kenakan ppn itu informasi nya bener atau tidak aku dapat informasi dari content creator sebelah ?,bang kata cuma buat barang mewah yang lai di kena ppn informasi nya bener tidak aku informasi content creator belah
gabut9500,2025-01-01T12:15:43.000Z,gw kira ppn 12% 120kğŸ—¿,kira ppn 12 120k
ditzzxlynnn3,2025-01-01T05:39:59.000Z,"Pa Prabowo ngomong PPN untuk barang mewah, dan untuk makanan pokok masyarakat masih sama harganya, kenapa kopi deterjen kena ppnğŸ—¿",pa prabowo ngomong ppn barang mewah untuk makan pokok masyarakat sama harga kopi deterjen kena ppn
anggasukiyama,2025-01-01T05:13:21.000Z,ppn 12% untuk barang mewah aja bang,ppn 12 barang mewah aja bang
nunn_57,2025-01-01T05:43:56.000Z,udah di konfirmasi kenaikan PPn 12% itu untuk barang mewah ygy,udah konfirmasi naik ppn 12 untuk barang mewah ygy
yz__reza,2025-01-01T07:19:03.000Z,ppn itu apa bg ?,ppn apa abang
neyyagntng,2025-01-02T03:57:25.000Z,Estonia ppn:â˜ ï¸,estonia ppn
hhhh5_4,2025-01-01T06:10:57.000Z,klo ppn 12% gaji juga hrus naik 12%,klo ppn 12 gaji harus naik 12
lan_del.rey00,2025-01-01T06:33:43.000Z,uang ppn nya buat sandra dewiğŸ¥°,uang ppn nya buat sandra dewi
rizwansukabumi,2025-01-01T06:17:58.000Z,katanya gak jadi ppn 12 persen bang cuma barang mewah doang,kata tidak jadi ppn 12 persen bang cuma barang mewah doang
kaisar_saa,2025-01-01T12:21:51.000Z,ppn 12% negara gakk maju majuuğŸ—¿,ppn 12 negara gakk maju majuu
gali_3rd,2025-01-01T06:42:24.000Z,"Diamond ML Itu Barang Mewah Y,Kok Kena Ppn 12%",diamond ml barang mewah y kok kena ppn 12
april_18hbd,2025-01-01T17:18:41.000Z,bang ppn 12% dibatalkan sama prabowo kan?,bang ppn 12 batal sama prabowo kan
nndanevada,2025-01-01T10:10:11.000Z,"ini komen kenapa dah wkwk,dia cuma ngejelasin seberapa ngaruh ppn 12% karna ada yg komen padahal",komen deh wkwk cuma ngejelasin berapa ngaruh ppn 12 ada komen padahal
prajabca,2025-01-01T07:08:58.000Z,"naik Rp 100 doang, jadi kalo biasanya kita ngabisin belanja bulanan 1jt, ppn 11% jadi Rp1.011.000 jadi belanja bulanan kita naik Rp 1.000 jadi Rp 1.012.000",naik rp 100 doang jadi kalau biasa ngabisin belanja bulan 1jt ppn 11 jadi rp1 011 000 jadi belanja bulan naik rp 1 000 jadi rp 1 012 000
kakarowr7,2025-01-01T07:40:35.000Z,ppn buat d koruo,ppn buat koruo
rifqirananta,2025-01-01T12:22:52.000Z,PPN 12% top up jadi mahal ğŸ—¿,ppn 12 top up jadi mahal
jalotopjalotop,2025-01-02T07:02:17.000Z,bang kata ny gak jdi ppn naik,bang kata ny tidak jadi ppn naik
dingwiliam,2025-01-01T05:10:29.000Z,bayangin ppn nambah 1% tiap tahunğŸ˜‚,bayangin ppn nambah 1 tiap tahun
demxsdp,2025-01-01T22:24:04.000Z,jangan kan PPN 12%... ciki yg awalnya harganya 500 perak jadi 1000 aja gw Protes Ama pedagangnya masa naik 100% ğŸ˜­,jangan kan ppn 12 cik awal harga 500 perak jadi 1000 aja protes ama dagang masa naik 100
kuont01,2025-01-02T00:01:02.000Z,"ppn naik ke 12% cuman berlaku buat barang mewah, barang yang biasa kita beli harganya jadi naik mungkin karena lagi tahun baru",ppn naik 12 cuman laku buat barang mewah barang biasa beli harga jadi naik mungkin lagi tahun baru
linaaplg,2025-01-01T11:13:51.000Z,"kalo beli kopi 10rb ppn 11% jadi 1100, klo ppn 12% jadi 1200",kalau beli kopi 10rb ppn 11 jadi 1100 klo ppn 12 jadi 1200
mr82531,2025-01-01T06:27:50.000Z,"bro ini tidak update berita terbaruğŸ˜‚, cari tahu dulu bro apa saja yg kena ppn 12%ğŸ˜‚",saudara laki tidak update berita baru cari tahu dulu saudara laki apa yang kena ppn 12
birruu._,2025-01-01T07:18:59.000Z,bang bahas ppnbm yang naik 12%,bang bahas ppnbm naik 12
akmal.siapa331,2025-01-01T07:14:12.000Z,bang emang bener ppn 12% di batal kan,bang emang bener ppn 12 batal kan
sakura.fujimoto3,2025-01-01T09:25:14.000Z,PPN 12% pejabat otw hidup sejahtera,ppn 12 penjabat otw hidup sejahtera
kakaye705,2025-01-01T06:10:15.000Z,udah paling pas pindah negara masih banyak di negara lain pajak nya kecil tapi penghasilan masi memungkin kan ini kita di Konoha gaji rata rata 3jt tapi ppn 12%kocak,udah paling pas pindah negara banyak negara pajak nya kecil penghasilan mas mungkin kan kita konoha gaji rata rata 3jt ppn12_persen kocak
nvr.mnd_435,2025-01-01T06:44:33.000Z,"PPN gajadi naik 12% untuk semua barang bangg, kata pak presiden cuma buat barang mewah",ppn gajadi naik 12 semua barang bangg kata pak presiden cuma buat barang mewah
mas_jahid,2025-01-03T03:13:59.000Z,gara gara ppn gk jadi top upğŸ—¿ gk tau deh top up game kena ppn apa enggakğŸ—¿,gara gara ppn jadi top up tau deh top up game kena ppn apa
ihwan.syah2,2025-01-02T04:28:23.000Z,"kalo pengeluaran gw 1jt/bln, dan semua barang yang gw beli kena ppn 1% berarti pengeluaran gw cuma naik 10rbğŸ¤¨ kan kecil bang. yah mngkn ppn naik ke12% GK JD tapi gw masih bingung ""sebesar apa dampaknya kalo jadi""",kalau keluar 1jt bulan semua barang beli kena ppn 1 arti keluar saya cuma naik 10rb kan kecil bang yah mngkn ppn naik ke12 jd saya bingung besar apa dampak kalau jadi
hunter_siv,2025-01-01T21:06:30.000Z,top up game kena PPN 12% kena juga GK yağŸ¥²,top up game kena ppn 12 kena tidak
givanalinsky,2025-01-01T11:34:01.000Z,AYO BANG TETAP KAWAL PPN!!!,ayo bang tetap kawal ppn
obas848,2025-01-01T11:34:01.000Z,"Ya kan naiknya cuma 1%. Misal nih baju 500K. Katakan biaya produksinya juga 500rb, maka naik total harga produksi cuma 5k. jadi total 505K. nah dari 505K PPn Nya 12% cuma naik 11K",kan naik cuma 1 misal nih baju 500k kata biaya produksi 500rb naik total harga produksi cuma 5k jadi total 505k nah 505k ppn nya 12 cuma naik 11k
rasyadstbatuah,2025-01-01T11:34:01.000Z,missleading si pandji soal PpNğŸ˜…,missleading si pandji soal ppn
user5457725811911,2025-01-01T11:34:01.000Z,malah senang PPN naik tambah ngirit,malah senang ppn naik tambah ngirit
gandrung.ytr,2025-01-01T11:34:01.000Z,Kenaikan memang tetap memberatkan. Tapi sistem pemungutan PPN gak seperti yang disanpaikan Panji ini,naik memang tetap berat sistem mungut ppn tidak seperti disanpaikan panji
efb_mania,2025-01-01T11:34:01.000Z,bensin aja masih subsidi gimana mau kena PPN ğŸ¥±,bensin aja subsidi bagaimana mau kena ppn
mochi20226,2025-01-01T11:34:01.000Z,1% kenaikan PPN itu sama dengan 9% kenaikan harga barang kata Prof. Renaldi Khasali,1 naik ppn sama 9 naik harga barang kata prof renaldi khasali
indosukses92,2025-01-01T11:34:01.000Z,Transportasi apa dlu nih ? Kalau transum gak kena PpN,transportasi apa dulu nih kalau transum tidak kena ppn
bang.mamat915,2025-01-01T11:34:01.000Z,ya kagak lah. kalau b2b itu ppn gk ngaruh ke nilai barang. karena ppn bisa di kreditkan. jadi dari produksi sampai distribusi ppn gk terakumulasi,lah kalau b2b ppn ngaruh nilai barang ppn di kredit jadi produksi distribusi ppn tidak akumulasi
esus_11,2025-01-01T11:34:01.000Z,"Mas pandji, saya serius nanya nih. Emang ppn diindonesia ngga bisa di claim yah sama supplier yg ditengah? Misal company a beli barang sama company b 11.2jt termasuk ppn. Pas dia jual",mas pandji serius nanya nih emang ppn indonesia tidak bisa claim yah sama supplier tengah misal company a beli barang sama company b 11 2jt masuk ppn pas jual
bangm1n,2025-01-01T11:34:01.000Z,"pendapatan negara jd semakin kecil karena pabrik bisa jual product lgsg ke pembeli, ga melalui rantai ekonomi, jd ppn nya ga jalan",dapat negara jd makin kecil pabrik jual product lgsg beli tidak lalu rantai ekonomi jd ppn nya tidak jalan
djuns.co,2025-01-01T11:34:01.000Z,"Bang, knp sy krg ngerti. Kan ppn yg skrg tuh 11% nih, tp knp abang cuma hitung 1% aja dr 500k ituâ€¦bisa dijelaskan sesuai dgn rumus hitungannya begitu spy bisa ngerti begitu",bang knp sy krg ngerti kan ppn skrg tuh 11 nih tp knp abang cuma hitung 1 aja dr 500k jelas sesuai rumus hitung spy bisa ngerti
waluyowaluyo596,2025-01-01T11:34:01.000Z,"pajak yg adil itu hanya pph, kalau ppn semua akan terkena baik yg miskin maupun yg kaya.",pajak adil hanya pajak_penghasilan kalau ppn semua kena baik miskin maupun kaya
izwin1897,2025-01-01T11:34:01.000Z,termasuk bahan baku kena ppn 12%,masuk bahan baku kena ppn 12
user61054622688825,2025-01-01T11:34:01.000Z,#tolakPPN12%,
sirluke_spendubar,2025-01-01T11:34:01.000Z,tenang bapak ibu..kenaikan pajak PPN itu hanya dikhususkan utk warga 58% ...jdi kita yg ngga pilih nggak ngerasain dampaknya,tenang bapak ibu naik pajak ppn hanya khusus utk warga 58 jadi yang tidak pilih ngerasain dampak
notification7595,2025-01-01T11:34:01.000Z,"fyi PPN punya sifat non kumulatif, jadi yang kena pajak itu nilai tambahnya",informasi ppn punya sifat non kumulatif jadi kena pajak nilai tambah
hartadinata85,2025-01-01T11:34:01.000Z,"proses barang dari pabrik ke distributor ke grosir ke Agen ke Toko ke pembeli, minimal ke 5x PPN, akibatnya barang jadi mahal",proses barang pabrik distributor grosir agen toko beli minimal 5x ppn akibat barang jadi mahal
sarjana_muda1122,2025-01-01T11:34:01.000Z,"produsen beli bhn baku kena ppn 12â„…, mnghliklankan kena 12â„…, saat di angkut distributor/ritel kena 12â„…, smp d konsumen kena 12â„…. hitung aj 1 produk kena ppn brp x.",produsen beli bhn baku kena ppn 12 mnghliklankan kena 12 angkut distributor ritel kena 12 smp di konsumen kena 12 hitung 1 produk kena ppn brp x
ahmadaaarrrr,2025-01-01T11:34:01.000Z,bro lupa ga jelasin mekanisme PK PM si PPN,saudara laki lupa tidak jelasin mekanisme pk pm si ppn
abizar.kidsware,2025-01-01T11:34:01.000Z,rawnya aja kena ppn.,rawnya aja kena ppn
yasaman_10,2025-01-01T11:34:01.000Z,"pokok nya kena semua ppn ,",pokok nya kena semua ppn
jrmebel,2025-01-01T11:34:01.000Z,#tolakppn12persen,
shut87678,2025-01-01T11:34:01.000Z,bukannya BBM tidak dikenakan PPN? ğŸ¤”,bukan bbm kena ppn
idatiurma,2025-01-01T11:34:01.000Z,Bener .. tolak ppn 12 %,bener tolak ppn 12
han29855,2025-01-01T11:34:01.000Z,"Selain tiap item /proses ada kenaikan ppn, ada faktor "" aji mumpung pengusaha / produsen juga, sekalian dinaikin .",tiap hitam proses naik ppn faktor aji mumpung usaha produsen sekali dinaikin
nadanasa39,2025-01-01T11:34:01.000Z,ppn dan anak2 nya kok mirip pajak y berkali lipat ya,ppn anak2 nya kok mirip pajak y kali lipat
harmadhani.adi,2025-01-01T11:34:01.000Z,Ada proses namanya PK PM jadi pada akhirnya PPn hanya akan kena ke pengguna terakhir.,proses nama pk pm jadi akhir ppn akan kena guna akhir
conslinux,2025-01-01T11:34:01.000Z,"Harga barang naik, belum termasuk ppn pembelian.. Naiknya double kill",harga barang naik masuk ppn beli naik double kill
user8671414280191,2025-01-01T11:34:01.000Z,cuma people power yg mampu batalkan ppn naik 12â„…,cuma people power mampu batal ppn naik 12
alinabcd8,2025-01-01T11:34:01.000Z,#TolakPPN12Persen,
septiantiseptic,2025-01-01T11:34:01.000Z,Mas pandji mgkn blm paham prinsip pk-pm ppn jd dikira kenanya bakal di tiap chain,mas pandji mgkn blm paham prinsip pk pm ppn jd kira kena bakal tiap chain
michaelscott777,2025-01-01T11:34:01.000Z,"gue sih hanya penasaran kenapa PPN 12% disaat ekonomi yg relatif lagi stagnan bahkan menurun secara global, teorinya kalau ekonomi turun biasanya tuh pemerintah gencar kasih kebijakan expansionary",gue sih penasaran ppn 12 saat ekonomi relatif stagnan bahkan turun global teori kalau ekonomi turun biasa tuh perintah gencar kasih kebijakan expansionary
user81376161167273,2025-01-01T11:34:01.000Z,semua kena ppn gk ada tuh barang mewa aja bahkan harga singkong pun kena ppn juga,semua kena ppn ada tuh barang mewa aja bahkan harga singkong kena ppn
nando.str,2025-01-01T11:34:01.000Z,"orang tuh cuma liat selisih 1%, banyak orang ga sadar klo dihitung sebenrnya PPn naik 9%",orang tuh cuma liat selisih 1 banyak orang tidak sadar klo hitung sebenrnya ppn naik 9
mamankwibi,2025-01-01T11:34:01.000Z,"$ 1 = Rp. 16.279 per hari ini, lalu di gempur 12% ppn di listrik, ya pasti pada naik lahh, pabrik, jasa, logistik, transportasi, komunikasi dan perkantoran kan listrik besar di direct dan indirect nya. produk kan butuh bahan baku dan energi listrik untuk mengolah. kata kadin semua barang naik imbas rupiah anjlok dan listrik naik krn ppn 12% lalu krn produksi bbm import dan butuh listrik besar untuk pengolahan, jd naik jg bbm nya. dan itu rangkaian kenaikan berimbas sm semua barang dan jasa. hampir amat sangat jarang ada barang dan jasa yg tidak membutuhkan komponen bahan baku, proses, jasa, transportasi, listrik dan logistik. misal beras biasa pun butuh pupuk pabrikan, pengolahan dengan listrik atau solar Genset, dan distribusi menggunakan truk.",1 rp 16 279 per hari lalu gempur 12 ppn listrik pasti naik lahh pabrik jasa logistik transportasi komunikasi kantor kan listrik besar direct indirect nya produk kan butuh bahan baku energi listrik olah kata kadin semua barang naik imbas rupiah anjlok listrik naik krn ppn 12 lalu krn produksi bbm import butuh listrik besar olah jd naik jg bbm nya itu rangkai naik imbas sm semua barang jasa hampir sangat jarang barang jasa tidak butuh komponen bahan baku proses jasa transportasi listrik logistik misal beras biasa butuh pupuk pabrikan olah listrik solar genset distribusi guna truk
dasa0769,2025-01-01T11:34:01.000Z,Kaum 58% ga ngerti PPn 12% taunya oke gas oke gas jogetğŸ˜‚ğŸ˜œ,kaum 58 tidak ngerti ppn 12 tau oke gas oke gas joget
kangbewoks,2025-01-01T11:34:01.000Z,"biar hitungnya mudah gini saja kita pakai analogi dari 500.000 biaya produksi kena ppn 12% jadi 560.000, sampai ke tangan ke 2 misal dari pengepul daerah ke pengepul jakarta naik lagi 12% misal 560rb plus untungmisal jadi 570rb kena 12% lagi jadi 638.400, lalu diterima reseller di jakarta ambil untung 5rb : jadi 643.400 di bulatin jadi 645.000 ketangan konsumen",biar hitung mudah gin kita pakai analogi 500 000 biaya produksi kena ppn 12 jadi 560 000 tangan 2 misal kepul daerah ke kepul jakarta naik 12 misal 560rb plus untungmisal jadi 570rb kena 12 jadi 638 400 lalu terima reseller jakarta ambil untung 5rb jadi 643 400 bulatin jadi 645 000 ketang konsumen
ekaprasetia287,2025-01-01T11:34:01.000Z,"negara scandinavian dan german itu pajak gaji alias pajak penghasilan PPh yg besar, bukan pajak PPN. nah di indnsa ini adalah pajak PPN yg naek dan mempengaruhi byk kehidupan sehari2 warga. jdi PPN harus kcl",negara scandinavian german pajak gaji alias pajak penghasilan pajak_penghasilan besar bukan pajak ppn nah indnsa adalah pajak ppn naek pengaruh banyak hidup sehari2 warga jadi ppn kcl
kodokkoplok,2025-01-01T11:34:01.000Z,sya dh usulin am bpk presiden ppn suruh naik 20% knp krng jdi 12% sih,sya dh usulin am bpk presiden ppn suruh naik 20 knp krng jadi 12 sih
drivewanto,2025-01-01T11:34:01.000Z,bahkan PPN nya sendiri juga kena PPN lagiğŸ˜‚ğŸ˜‚,bahkan ppn nya sendiri kena ppn
rajapropertiserpong,2025-01-01T11:34:01.000Z,"Pada seneng ya semua harga bakal pada ikut naik krena terdampak kenaikan ppn?? Smentara Ppn 3th lalu sudah di naikkan dr 10% ke 11% dampaknya mirip kyk kenaikan BBM efek domino nya kemanaÂ² nantinya semua barang pd ikutan naik, udh berasa kebutuhan pokok Harga nya udh pd naik",neng semua harga bakal ikut naik krena dampak naik ppn smentara ppn 3th lalu di naik dr 10 11 dampak mirip kayak naik bbm efek domino nya mana nanti semua barang pd ikut naik udah asa butuh pokok harga nya udah pd naik
sujana931,2025-01-01T11:34:01.000Z,sebenernya sama aja naikin ppn=bbm,sebenernya sama aja naikin ppn bbm
ardiardi9017,2025-01-01T11:34:01.000Z,berak kena ppn jg,berak kena ppn jg
saintxiao1,2025-01-01T11:34:01.000Z,tpi kan cimeng nggak Ken PPN..ğŸ˜‚ğŸ˜‚ğŸ˜‚ğŸ˜‚,tpi kan ganja ken ppn
wyldbuilt,2025-01-01T11:34:01.000Z,"sedikit meluruskan bang, PPN lebih tepatnya dibebankan ke konsumen akhir bang.. karena di setiap proses dari pabrik sampai konsumen akhir itu PPN Pajak Keluaran dikurangi PPN Pajak Masukannya..",sedikit lurus bang ppn lebih tepat beban konsumen akhir bang di proses pabrik konsumen akhir ppn pajak keluar rang ppn pajak masuk
indranajid,2025-01-01T11:34:01.000Z,"tp di area ruko"" kok ada tulisan free PPN ya bang,, aneh ga?",tp area ruko kok tulis free ppn bang aneh ga
rizki.prtmaaa,2025-01-01T11:34:01.000Z,ppn naik 12% bahkan kantin sklh pun skrg kena pajak jugağŸ¤£,ppn naik 12 bahkan kantin sklh skrg kena pajak
sung162899,2025-01-01T11:34:01.000Z,rambut ga kena PPN bro..hahahahağŸ˜‚,rambut tidak kena ppn saudara laki hahahaha
prastayo_16,2025-01-01T11:34:01.000Z,acara stand up panji kena ppn ğŸ—¿,acara stand up panji kena ppn
clan_hidungjambu,2025-01-01T11:34:01.000Z,ppn naik + keran impor deras .....uda selesai ekonimi indo,ppn naik keran impor deras udah selesai ekonimi indo
kirikore,2025-01-01T11:34:01.000Z,Rakyat mengira ppn itu kena cuma 1x padahal ada sistem hulu ke hilir,rakyat ira ppn kena cuma 1x padahal sistem hulu hilir
lukman_kotto,2025-01-01T11:34:01.000Z,"semuanya, mesin rusak beli spare part kena ppn juga.",semua mesin rusak beli spare part kena ppn
modeldangaya,2025-01-01T11:34:01.000Z,"ppn 12 â„…mm kalau kita punya emas satu kg, lalu emas itu di jual terus sampai 9 x ganti pemilik, artinya udah 100 % pemerintah cuan dari tuh emas, tanpa modal cuan cuan cuanğŸ˜ğŸ˜",ppn 12 mm kalau punya emas satu kilogram lalu emas di jual terus 9 x ganti milik arti udah 100 perintah cuan tuh emas modal cuan cuan cuan
andaranovel,2025-01-01T11:34:01.000Z,tolak ppn 12%,tolak ppn 12
anna_edelweis929,2025-01-01T11:34:01.000Z,g punya duit mau makan mie instan aja kena ppn,g punya duit mau makan mie instan aja kena ppn
vjindra6,2025-01-01T11:34:01.000Z,pabrik pun kena ppn kalo omzet diatas 4.8M,pabrik kena ppn kalau omzet atas 4 8m
cases201,2025-01-01T11:34:01.000Z,bang lo gak komen di 2021 dlu waktu undang2 2021 soal ppn mau di sahkan?,bang kamu tidak komen 2021 dulu waktu undang2 2021 soal ppn mau sahkan
kesayangan.marsha,2025-01-01T11:34:01.000Z,klo d amerika juga kena ppn? spil donk ppn d amerika brpa?,klo amerika kena ppn spil donk ppn amerika brpa
sunarko691,2025-01-01T11:34:01.000Z,"PPN naik lsg kena brg konsumsi dan kebutuhan sehari-hari. Rakyat jelata paling menderita, krn sebagian besar pendapatan utk kebutuhan konsumsi. Kalau dpt ibu Ani yg punya rumah di Amrik dan gaji tinggi. Maka konsumsi hanya sepersekian persen dr pendapatnya. Maka bagi dia tidak pengaruh kenaikan PPN",ppn naik lsg kena bareng konsumsi butuh hari hari rakyat jelata paling derita krn bagi besar dapat utk butuh konsumsi kalau ibu ani punya rumah amrik gaji tinggi konsumsi sekian persen dr dapat bagi tidak pengaruh naik ppn
ayatulnafs,2025-01-01T11:34:01.000Z,coba lihat hitungannya @jeromepolin98 tentang kenaikan PPN 12%,coba lihat hitung naik ppn 12
madumanna,2025-01-01T11:34:01.000Z,"PPN turun naikin PPH, subsidi hilangkan,gaji naikan jadi 10juta,yg pengangguran kasih uang bulanan 5juta,ini yg saya tangkap kemauan org indo dari seluruh komentar",ppn turun naikin pajak_penghasilan subsidi hilang gaji naik jadi 10juta anggur kasih uang bulan 5juta yang tangkap mau org indo seluruh komentar
masrudof,2025-01-01T11:34:01.000Z,"jadi,,, kl dukungnya karena Perut (makan gratis) sdh pasti nanti disuruh bayar tanpa kita sadari, dan terbukti ppn 12% dan 66%",jadi kl dukung perut makan gratis sdh nanti suruh bayar kita sadar bukti ppn 12 66
nbsrz,2025-01-01T11:34:01.000Z,"PPN 12% di sahkan 2021 Semua partai 01 02 03 menerima, Yg nolak cuma PKS, itupun PKS udah gabung Koalisi pemerintahan, yg secara gak langsung menerimanya skrg, Bahkan yg ketok palu wakil nya anies di pilpres, Sudah 3 tahun kenapa baru protes? Lucu lagi yg protes yg setuju waktu itu ğŸ˜…, seorang panji aja bisa lupa kalau PPN sudah 3 tahun lalu, dan dia baru bahas skrg ğŸ˜‚",ppn 12 sahkan 2021 semua partai 01 02 03 terima nolak cuma pks itu pks udah gabung koalisi perintah cara tidak langsung terima skrg bahkan ketok palu wakil nya anies pilpres 3 tahun baru protes lucu protes yang tuju waktu orang panji aja lupa kalau ppn 3 tahun lalu dia baru bahas skrg
ofiecobain,2025-01-01T11:34:01.000Z,"Tanya dong, apakah proses itu dari dulu tidak kena PPN ??? Kok baru aj dipermasalahkan semenjak ad berita PPN 12%",tanya dong proses dari dulu kena ppn kok baru masalah semenjak berita ppn 12
penjaga_hati82,2025-01-01T11:34:01.000Z,naik nya loh 1% PPN yg lama itu 11%....waktu 11% gada ribut...aneh negri konoha...Klk loe ma wajar kena 12% loe kaya bg....Apa abg mau menghindari PPN ya ğŸ¤£ğŸ¤£,naik nya loh 1 ppn lama 11 waktu 11 gada ribut aneh negri konoha klk loe ma wajar kena 12 loe kaya abang apa abg mau hindar ppn
khaaa_1212,2025-01-01T11:34:01.000Z,"Ngelawak aja panji lah, puyengğŸ« , PPN 12% setau aing kan outputnya buat masyarakat yg lain juga, kan ppn itu buat barang mewah sama premiumğŸ™„",ngelawak aja panji lah puyeng ppn 12 tau aing kan outputnya buat masyarakat lain kan ppn buat barang mewah sama premium
.entitas_tidakdikenal,2025-01-01T11:34:01.000Z,"UDAH GAK USAH MIKIR PANJANG LEBAR TOLAK PPN 12%,",udah tidak usah mikir panjang lebar tolak ppn 12
itsyournello,2025-01-01T11:34:01.000Z,semua lapisan transaksi yg sudah berjalan itu real kena. ga usah ppn dulu deh. BBM naik aja langsung ngefek. kurir.ojek pake BBM. truck pake BBM. makanya pake WhatsApp,semua lapis transaksi sudah jalan real kena tidak usah ppn dulu deh bbm naik aja langsung ngefek kurir ojek pake bbm truck pake bbm makanya pake whatsapp
takdirbaik2025,2025-01-01T11:34:01.000Z,"gw ga stuju ppn 12â„… tapi argumen lu salah bro, sebener nya yang nanggung ppn 12% itu customer akhir bro",tidak stuju ppn 12 argumen lu salah saudara laki sebener nya nanggung ppn 12 customer akhir saudara laki
cpt.lock,2025-01-01T11:34:01.000Z,makin curiga...tar klo order Ã’pen BÃ² juga kena PPN 12%,makin curiga tar klo order pen b kena ppn 12
bukansiapasiapa8999,2025-01-01T11:34:01.000Z,"walau barang mewah yang naik, tingkat korupsi akan naik. mereka sih enak bisa korupsi, masyarakat indonesia yg miskin terancam ga bisa hidup, ga bs pke listrik krna pulsa listrik mahal. paling bagus ppn itu cukup 10 % saja, klo bisa dibawah 10%. Takutlah akan Tuhan.saya bicara sebagai orang yang berpikir, netral, tidak memihak.walau ppn 3500 va yg dibilang kena pajak 12% , tp biaya operasional pln jg akn meningkat, dan pulsa listrik jg semuanya naik. daya beli masyarakat turun. phk akan meningkat. korupsi akan meningkat. korupsi pajak oleh perusahaan akn meningkat. orang kerja nanti makin sikut menyikut. kejahatan bertambah.",barang mewah naik tingkat korupsi naik sih enak korupsi masyarakat indonesia miskin ancam tidak bisa hidup tidak bisa pke listrik krna pulsa listrik mahal paling bagus ppn cukup 10 klo bawah 10 takut tuhan bicara orang pikir netral pihak ppn 3500 va bilang kena pajak 12 tp biaya operasional pln jg akn tingkat pulsa listrik jg semua naik daya beli masyarakat turun phk tingkat korupsi tingkat korupsi pajak usaha akn tingkat orang kerja makin sikut sikut jahat tambah
eddytan33,2025-01-01T11:34:01.000Z,Uda PPN..trus pajak pribadi..pajak perusahaan..masih aja ngeluh kurang duit.. sebenrnaya duit pajaknya selama ni kemana..kok kurang trs,udah ppn trus pajak pribadi pajak usaha aja ngeluh kurang duit sebenrnaya duit pajak lama ni kok kurang terus
ajibahriyanpeyuyo,2025-01-01T11:34:01.000Z,bbm itu gk kena ppn nji panjiiiii...,bbm tidak kena ppn nji panjiiiii
imamubd,2025-01-01T11:34:01.000Z,"Setuju! barang emg ga kena, tp proses menuju itu yg dibuat kena ampe transaksi pake kris dikenai ppn12. Kocag.",tuju barang emg tidak kena tp proses tuju yang buat kena ampe transaksi pake kris kena ppn12 kocag
n0v3mb33,2025-01-01T11:34:01.000Z,"akibat proyek ambisius tnpa memikirkan kekuatan cadangan negara, imbas nya apa kebijakan yg cepat adalah menaikan PPN, menambahi pajak opsen BBN KB dan opsen PKB, dan itu berbarengan di naikan di awal thn, multi player efek akibat nya bisa kenaikan di semua sektor, harus dibuat keputusan jangan saat ekonomi mu berlebih tp buatlah keputusan di posisinya rakyat yg Ekonomi nya blum stabil",akibat proyek ambisius tnpa pikir kuat cadang negara imbas nya apa kebijakan cepat naik ppn tambah pajak opsen bbn kb opsen pkb itu bareng naik awal thn multi player efek akibat nya naik semua sektor buat putus jangan ekonomi mu lebih tp buat putus posisi rakyat ekonomi nya stabil
armanapic,2025-01-01T11:34:01.000Z,"klo mau gaji guru honorer sama perawat cuma 600rb, tolak aja kenaikan ppn. di ajak maju malah nolak, giliran ngga maju salahkan pemerintah.",klo mau gaji guru honorer sama awat cuma 600rb tolak aja naik ppn ajak maju malah nolak gilir tidak maju salah perintah
pastiseru_,2025-01-01T11:34:01.000Z,Inti permasalahan kenapa PPN naik adalah??? Jo ko wi yg telah serampangan menggunakan anggaran sehingga apbn jebol dan utang menggunung!!!,inti masalah ppn naik jo ko wi telah serampang guna anggaran apbn jebol utang gunung
dvd.prdn,2025-01-01T11:34:01.000Z,"bang UMR salah satu terendah didunia tp PPN diatas Singapore, Canada butuh duitt nih Konoha. ngapain ambisius bangun IKN kalo g punya duitt kekk manaağŸ˜",bang umr salah satu rendah dunia tp ppn atas singapore canada butuh duitt nih konoha ngapain ambisius bangun ikn kalau g punya duitt kekk manaa
artinsidestudio1,2025-01-01T11:34:01.000Z,"Hanya sekedar argumen saya saja bang panji,ppn naik 12% jika pemanfaatanya tepat guna dan tepat sasaran sepertinya lebih baik dari pada ppn rendah tetapi selalu di grogoti oleh oknum-oknum pemerintahan,lagi pula selama ini kita selalu kengkritik tanpa tindakan mungkin pemerintan sedang menchallange masyarakat untuk ikut serta dalam memperbaiki negara yang sudah babak belur di hajar pemerintahan sebelumnya ini. jika lingkungan sekitar kita kotor apakah bijak untuk mencemo'oh saja,apakah tidak lebih baik bergotong royong sama sama membersihkan begitulah analoginya.ğŸ™ğŸ™ğŸ™",dar argumen saja bang panji ppn naik 12 pemanfaatanya tepat dan tepat sasar seperti lebih baik pada ppn rendah selalu grogoti oknum oknum perintah pula lama kita selalu kengkritik tindak mungkin intan sedang menchallange masyarakat ikut dalam baik negara sudah babak bur hajar perintah belum jika lingkung kita kotor kebijakan mencemo saja tidak lebih baik gotong royong sama sama bersih begitu analogi
muhdtaufik4966,2025-01-01T11:34:01.000Z,gue dukung PPN 12% ğŸ˜,gue dukung ppn 12
athanasiusadhi,2025-01-01T11:34:01.000Z,"klo dibuat lucuÂ²an, anaknya dikasih makan siang gratis, giliran emak bapaknya kena kenaikan ppn jadi 12%",klo buat lucu an anak kasih makan siang gratis gilir emak bapak kena naik ppn jadi 12
bigbangbrother,2025-01-01T11:34:01.000Z,PPN 12% yg usul PDIP tapi yg sewot PDIP. Lawak PDIP supaya Seolah Pahlawan . Kocak nih. Busuk Busuk,ppn 12 usul pdip yang sewot pdip lawak pdip olah pahlawan kocak nih busuk busuk
cgubkoko,2025-01-01T11:34:01.000Z,bener bang.. gak abis mikir ya .kok berani ya sentuh ppn yg udah Dari zaman orba gk pernah naik ?? ppn itu kan udah fixed tax Dan klo dinaikan udah pasti dpat perlawannan rakyat ? SE over confident itu sampai naikin pajak ppn ??? blunder atau udah bener2 miskin kli Karna banyak utang n,bener bang tidak habis mikir kok berani sentuh ppn udah zaman orba pernah naik ppn kan udah fixed tax klo naik udah dpat perlawannan rakyat se over confident sampai naikin pajak ppn blunder udah bener2 miskin kli banyak utang n
shineoryne,2025-01-01T11:34:01.000Z,"gini y buat yg blm paham, lu beli indomie atau gorengan dipikir ga bakal kena ppn?, bahan2 nya dari pabrik kayak tepung terus dari distribusinya, itu semua udh kena ppn duluan.. ,akibat nya apa? pabrik tepung nya ya naikin harga tepungnya.. otomatis pabrik indomie naikin harga juga.. ujung2nya Elu beli indomie naik juga harganya.. ,klo mereka engga naikin harga, ya phk masal di pabrik2 tsb buat nurunin pengeluaran..",gin y buat blm paham lu beli indomie goreng pikir tidak bakal kena ppn bahan2 nya pabrik kayak tepung terus distribusi semua udah kena ppn duluan akibat nya apa pabrik tepung nya naikin harga tepung otomatis pabrik indomie naikin harga ujung2nya kamu beli indomie naik harga klo engga naikin harga phk masal pabrik2 tsb buat nurunin keluar
erlanmartinkurniawan,2025-01-01T11:34:01.000Z,"gua barusan beli sabun mandi,cuci di mini market eh busset liat struk PPN naik ternyata ,Lo di kadalin negara padağŸ¤£",barusan beli sabun mandi cuci mini market eh busset liat struk ppn naik nyata kamu kadalin negara
dragonskater1960,2025-01-01T11:34:01.000Z,"PAJAK 100 ORANG TERKAYA NEGARAâŒ,PAJAK WARISAN DIATAS 100 MâŒ,NAIKIN PAJAK KARBONâŒ,NAIKIN PPN âœ…",pajak 100 orang kaya negara pajak waris atas 100 m naikin pajak karbon naikin ppn
joefrizko,2025-01-01T11:34:01.000Z,udah yg paling bener utak atik pph. jangan ppn. pph itu paling adil. ppn itu pukul rata.,udah paling bener utak atik pajak_penghasilan jangan ppn pajak_penghasilan paling adil ppn pukul rata
m_rizki_r,2025-01-01T11:34:01.000Z,bahasanya belibet : ppn itu berlipat2 pada barang u/ sampe ke konsumen.,bahasa belibet ppn berlipat2 barang u sampe konsumen
thomas.simatupang,2025-01-01T11:34:01.000Z,"Yang pd gak ngerti PPN nyimak aja gk usah komen2 gak bener. Gak usah jg terlalu dibesar2kan dan dibuat heboh. Intinya tarif sblm nya 11% skrg 12%, naiknya 1% doang. Udah itu aja..",pd tidak ngerti ppn nyimak aja usah komen2 tidak bener tidak usah jg terlalu dibesar2kan buat heboh inti tarif sblm nya 11 skrg 12 naik 1 doang udah aja
zombisaurus,2025-01-01T11:34:01.000Z,"makan ga bayar,rumah sakit ga bayar,tapi buat bayar ni orang kemahalan,itulah guna ppn",makan tidak bayar rumah sakit tidak bayar buat bayar ni orang mahal guna ppn
adharbenny,2025-01-01T11:34:01.000Z,"setiap transaksi jual beli ada pajaknya, Pajak Pertambahan Nilai PPN yg tadinya bertahan lama di 10%, akhirnya jadi naik 11%, 4 tahun kemudian 12%.",transaksi jual beli pajak pajak tambah nilai ppn tadi tahan lama 10 akhir jadi naik 11 4 tahun kemudian 12
tapak_soenda99,2025-01-01T11:34:01.000Z,Anak ABAH Kena PPN gak bosğŸ™??? PERINGATAN DARURAT PPN 12% Against Kah???,anak abah kena ppn tidak bos ingat darurat ppn 12 against
atmanusiabiasa9,2025-01-01T11:34:01.000Z,"kain ny aja ppn ny gede bangettttt yg dr china dateng sekotong"" free tax ğŸ¤£ğŸ¤£ğŸ¤£ğŸ¤£ğŸ¤£",kain ny aja ppn ny gede bangettttt dr china dateng kotong free tax
orpolarbear,2025-01-04T11:29:27.000Z,"ya gimana ya, koreksi ppn aja mepet banget di akhir bulan desember. banyak perusahaan yg terlanjur set 12%, eh dikoreksi lagi jadi 11/12, ya gak mungkin kalo pas tgl 1 januari langsung balik 11ğŸ—¿",bagaimana koreksi ppn aja mepet banget akhir bulan desember banyak usaha lanjur set 12 eh koreksi jadi 11 12 tidak mungkin kalau pas tgl 1 januari langsung balik 11
aa__jkt89,2025-01-04T11:20:24.000Z,indosat min uda minta aja ppn 12% padahal masi desember 2024,indosat min udah minta aja ppn 12 padahal mas desember 2024
liecinyang,2025-01-04T15:26:28.000Z,"PPn Uda naik buktinya sistem pajak Uda dibuat cortex Uda pilih 11/12 persen.
gak naik secara lisan tp sistem pajak Uda naik",ppn udah naik bukti sistem pajak udah buat cortex udah pilih 11 12 persen tidak naik lisan tp sistem pajak udah naik
wiwindut456,2025-01-04T16:04:21.000Z,belanja bulanan struk tulisannya PPN 11% tapi harga barangnya naik hmm,belanja bulan struk tulis ppn 11 harga barang naik hmm
user2dhrs6rl6j,2025-01-04T12:23:36.000Z,"benar terjadi, tadi siang beli soto betawi lewat gofood, ternyata dikenakan ppn 12%. terus mengembalikan lewat apa, emang tahu siapa saja yg beli soto ?ğŸ¤ªğŸ¤ªğŸ¤ª",benar jadi tadi siang beli soto betawi lewat gofood nyata kena ppn 12 terus kembali lewat apa emang tahu siapa yang beli soto
carolinecherlyyyy,2025-01-05T08:48:15.000Z,"lagian sistem lama masih bagus knp diganti dengan sistem canggih yg katanya lebih gampang dan efisien. kok pas praktek malah pusink sm sistemnyağŸ˜­, muter2 gara2 ppn batal naik hadehh",lagi sistem lama bagus knp ganti sistem canggih kata lebih gampang efisien kok pas praktek malah pusink sm sistem muter2 gara2 ppn batal naik hadehh
ss781754,2025-01-06T05:21:25.000Z,semua kena pajak ppn 12 % cabai gula beras sembako semua naik,semua kena pajak ppn 12 cabai gula beras sembako semua naik
mohammad_reza26,2025-01-04T13:54:35.000Z,cba di cek juga di distributor kyknya menaikan ppn jga,cba cek di distributor kyknya naik ppn
isengeugmo3,2025-01-05T02:48:56.000Z,"di kembalikan..
bikin kerjaan, knp ppn yg tidak sesuai pada ranah nya langsung di stop aja. ğŸ˜Œ",kembali bikin kerja knp ppn tidak sesuai ranah nya langsung stop aja
blaxxus,2025-01-04T10:50:42.000Z,"aq beli brownis saja kena ppn 12%, dah cukup sekali beli",beli brownis kena ppn 12 deh cukup sekali beli
udahlahkalaugitu,2025-01-04T12:45:15.000Z,"PPN non barang mewah tetap 12%, yg berbeda adalah cara perhitungan DPPnya",ppn non barang mewah tetap 12 beda cara hitung dppnya
blurrr090,2025-01-04T11:00:42.000Z,"Tarif memang berubah 12% agar tidak melanggar undang2, tetapi dpp pakai dpp nilai lain. jadi tetap pajak ppn 11%.
tetapi perhitungan ini sampai kapan????",tarif memang ubah 12 tidak langgar undang2 dpp pakai dpp nilai jadi tetap pajak ppn 11 hitung sampai kapan
ayolakubeautyshop,2025-01-04T13:37:04.000Z,sdh kuduga krna membingungkan padahal kan jg udah ada ya PPNbm,sdh duga krna bingung padahal kan jg udah ya ppnbm
dede.paramitha,2025-01-05T13:27:40.000Z,"@metro_tv baru saja sy beli baju di depstore Matahari, kena ppn 11%.",baru sy beli baju depstore matahari kena ppn 11
majide8883,2025-01-04T18:09:13.000Z,"sengaja di umumin mepet pdhl pengusaha,finance dll udh settle penyesuaian harga. intinya pemerintah seolah berpihak rakyat pdhl ppn 12% jln terusğŸ¤£",sengaja umumin mepet pdhl usaha finance lain udah settle sesuai harga inti perintah pihak rakyat pdhl ppn 12 jalan terus
hendraramdhani30,2025-01-04T10:25:16.000Z,PPN 11 persen saja sudah tidak manusiawi !,ppn 11 persen sudah manusiawi
lawet,2025-01-04T09:03:40.000Z,"dimana2 ya udh ada isu 12% nih, para IT perusahaan udh siap mengupgrade sistem nya naikin dri 11% ke 12%, tiba2 nih MALAM TAHUN BARU di tunda kenaikan PPN, emang dikira sejam 2 jam kelar itu nyesuaiin sistemnya lagi :') contoh ni ya top up game yg lgi rame tuh",dimana2 udah isu 12 nih it usaha udah siap mengupgrade sistem nya naikin 11 12 tiba2 nih malam tahun baru tunda naik ppn emang kira jam 2 jam kelar nyesuaiin sistem contoh ni top up game lgi rame tuh
rrezaditya,2025-01-04T08:34:43.000Z,"PPN 12 persen tanggung 50 persen
biar sengsara masyarakatğŸ‘¥ğŸ‘¥ğŸ‘¥",ppn 12 persen tanggung 50 persen biar sengsara masyarakat
meidikasaman,2025-01-05T17:53:34.000Z,mari rakyat indonesia stop belanja ditoko retail di seluruh indonesia karena ppn 12 % sdh berlaku & sangat membebani konsumen,rakyat indonesia stop belanja toko retail seluruh indonesia ppn 12 sdh laku sangat beban konsumen
davi_permana,2025-01-04T12:42:14.000Z,"ğŸ˜‚hayoloh yg ngeyel ppn barang bukan mewah, jadinya siapa",hayoloh ngeyel ppn barang bukan mewah jadi siapa
nonamea69,2025-01-04T10:14:30.000Z,toko ritel aja kena ppn 11%ğŸ˜‚ğŸ˜‚@Cak Armuji,toko ritel aja kena ppn 11 armuji